{"cameraMode":{"drawMode":0,"name":"Shaded","section":"Shading Mode"},"sceneLighting":true,"audioPlay":false,"sceneViewState":{"showFog":true,"showMaterialUpdate":true,"showSkybox":true,"showFlares":true,"showImageEffects":true,"showParticleSystems":true},"in2DMode":false,"pivot":{"x":3.006395101547241,"y":0.21900677680969239,"z":-9.699604034423829},"rotation":{"x":-0.11905567348003388,"y":-0.7811381816864014,"z":0.15697000920772553,"w":-0.5924617052078247},"size":4.501331329345703,"orthographic":false}