{"cameraMode":{"drawMode":0,"name":"Shaded","section":"Shading Mode"},"sceneLighting":true,"audioPlay":false,"sceneViewState":{"showFog":true,"showMaterialUpdate":true,"showSkybox":true,"showFlares":true,"showImageEffects":true,"showParticleSystems":true},"in2DMode":false,"pivot":{"x":-272.2650146484375,"y":2.507999897003174,"z":41.62900161743164},"rotation":{"x":0.29391175508499148,"y":0.6257829666137695,"z":-0.2732744812965393,"w":0.6693580746650696},"size":0.17320767045021058,"orthographic":false}