{"cameraMode":{"drawMode":0,"name":"Shaded","section":"Shading Mode"},"sceneLighting":true,"audioPlay":false,"sceneViewState":{"showFog":true,"showMaterialUpdate":true,"showSkybox":true,"showFlares":true,"showImageEffects":true,"showParticleSystems":true},"in2DMode":false,"pivot":{"x":-272.27642822265627,"y":7593.759765625,"z":41.638118743896487},"rotation":{"x":0.29532578587532046,"y":0.6243679523468018,"z":-0.27377086877822878,"w":0.6698540449142456},"size":3.1730847358703615,"orthographic":false}