{"cameraMode":{"drawMode":0,"name":"Shaded","section":"Shading Mode"},"sceneLighting":true,"audioPlay":false,"sceneViewState":{"showFog":true,"showMaterialUpdate":true,"showSkybox":true,"showFlares":true,"showImageEffects":true,"showParticleSystems":true},"in2DMode":false,"pivot":{"x":-262.0838928222656,"y":1.1055355072021485,"z":46.656593322753909},"rotation":{"x":-0.21698683500289918,"y":-0.45466193556785586,"z":0.11455049365758896,"w":-0.8566105961799622},"size":20.564207077026368,"orthographic":false}