{"cameraMode":{"drawMode":0,"name":"Shaded","section":"Shading Mode"},"sceneLighting":false,"audioPlay":false,"sceneViewState":{"showFog":true,"showMaterialUpdate":true,"showSkybox":true,"showFlares":true,"showImageEffects":true,"showParticleSystems":true},"in2DMode":false,"pivot":{"x":-277.16180419921877,"y":11.61623764038086,"z":22.494991302490236},"rotation":{"x":0.04945405200123787,"y":0.918664276599884,"z":-0.12197268009185791,"w":0.3724707365036011},"size":12.0570068359375,"orthographic":false}