{"cameraMode":{"drawMode":0,"name":"Shaded","section":"Shading Mode"},"sceneLighting":false,"audioPlay":false,"sceneViewState":{"showFog":true,"showMaterialUpdate":true,"showSkybox":true,"showFlares":true,"showImageEffects":true,"showParticleSystems":true},"in2DMode":false,"pivot":{"x":-258.61029052734377,"y":2.8762660026550295,"z":12.86227035522461},"rotation":{"x":0.0021574231795966627,"y":0.995547354221344,"z":-0.09767396003007889,"w":0.0078022293746471409},"size":7.464527606964111,"orthographic":false}