{"cameraMode":{"drawMode":0,"name":"Shaded","section":"Shading Mode"},"sceneLighting":false,"audioPlay":false,"sceneViewState":{"showFog":true,"showMaterialUpdate":true,"showSkybox":true,"showFlares":true,"showImageEffects":true,"showParticleSystems":true},"in2DMode":false,"pivot":{"x":-271.1448059082031,"y":-1.1534671783447266,"z":37.115657806396487},"rotation":{"x":-0.2991476356983185,"y":-0.6401384472846985,"z":0.297419935464859,"w":-0.6426340341567993},"size":12.293180465698243,"orthographic":false}