{"cameraMode":{"drawMode":0,"name":"Shaded","section":"Shading Mode"},"sceneLighting":true,"audioPlay":false,"sceneViewState":{"showFog":true,"showMaterialUpdate":true,"showSkybox":true,"showFlares":true,"showImageEffects":true,"showParticleSystems":true},"in2DMode":false,"pivot":{"x":44.715965270996097,"y":-20.48820686340332,"z":-2.5185089111328127},"rotation":{"x":0.0024186421651393177,"y":-0.9928916096687317,"z":0.12003541737794876,"w":0.02072482742369175},"size":18.540611267089845,"orthographic":false}