{"cameraMode":{"drawMode":0,"name":"Shaded","section":"Shading Mode"},"sceneLighting":true,"audioPlay":false,"sceneViewState":{"showFog":true,"showMaterialUpdate":true,"showSkybox":true,"showFlares":true,"showImageEffects":true,"showParticleSystems":true},"in2DMode":false,"pivot":{"x":-273.4864196777344,"y":2.1548819541931154,"z":41.538429260253909},"rotation":{"x":-0.3014976382255554,"y":-0.6184595227241516,"z":0.2771914005279541,"w":-0.6711750030517578},"size":3.592604637145996,"orthographic":false}