{"cameraMode":{"drawMode":0,"name":"Shaded","section":"Shading Mode"},"sceneLighting":false,"audioPlay":false,"sceneViewState":{"showFog":true,"showMaterialUpdate":true,"showSkybox":true,"showFlares":true,"showImageEffects":true,"showParticleSystems":true},"in2DMode":false,"pivot":{"x":123.89839172363281,"y":-56.748924255371097,"z":42.64967346191406},"rotation":{"x":0.15601500868797303,"y":0.4296477138996124,"z":-0.07584142684936524,"w":0.8864604234695435},"size":140.23094177246095,"orthographic":false}